{
    "precision": 0.9488,
    "recall": 0.9488,
    "f1_score": 0.9488,
    "roc_auc": 0.9715,
    "confusion_matrix": [
        [
            487,
            25
        ],
        [
            25,
            463
        ]
    ],
    "classification_report": {
        "0": {
            "precision": 0.951171875,
            "recall": 0.951171875,
            "f1-score": 0.951171875,
            "support": 512.0
        },
        "1": {
            "precision": 0.9487704918032787,
            "recall": 0.9487704918032787,
            "f1-score": 0.9487704918032787,
            "support": 488.0
        },
        "accuracy": 0.95,
        "macro avg": {
            "precision": 0.9499711834016393,
            "recall": 0.9499711834016393,
            "f1-score": 0.9499711834016393,
            "support": 1000.0
        },
        "weighted avg": {
            "precision": 0.95,
            "recall": 0.95,
            "f1-score": 0.95,
            "support": 1000.0
        }
    }
}